Title,Price,Stars,Ratings,Discount
HP Pavilion Gaming Ryzen 7 Octa Core 4800H - (16 GB/1 TB HDD/256 GB SSD/Windows 10 Home/4 GB Graphics/...,73940.0,4.5,1107,20% off
DELL Core i3 10th Gen - (8 GB/1 TB HDD/256 GB SSD/Windows 11 Home) Vostro 3510 Thin and Light Laptop,39990.0,4.5,33,27% off
HP Core i3 11th Gen - (8 GB/512 GB SSD/Windows 11 Home) 15s-fq2629TU Thin and Light Laptop,42990.0,4.4,300,16% off
Lenovo IdeaPad 3 Core i3 10th Gen - (8 GB/256 GB SSD/Windows 11 Home) 15IML05 Thin and Light Laptop,36990.0,4.3,2152,36% off
Lenovo Core i3 10th Gen - (8 GB/512 GB SSD/Windows 11 Home) 15IML05 Thin and Light Laptop,38990.0,4.3,26,37% off
HP Core i5 11th Gen - (8 GB/512 GB SSD/Windows 11 Home) 15s- fq4021TU Thin and Light Laptop,54990.0,4.2,174,21% off
ASUS Celeron Dual Core - (4 GB/1 TB HDD/Windows 10 Home) X543MA-GQ1015T Laptop,24990.0,3.8,15464,5% off
DELL Inspiron Core i3 10th Gen - (8 GB/1 TB HDD/Windows 10) Inspiron 3511 Thin and Light Laptop,39990.0,3.9,16,27% off
Infinix INBook X1 Core i3 10th Gen - (8 GB/256 GB SSD/Windows 11 Home) XL11 Thin and Light Laptop,32990.0,4.2,1406,34% off
acer Aspire 7 Core i5 10th Gen - (8 GB/512 GB SSD/Windows 10 Home/4 GB Graphics/NVIDIA GeForce GTX 165...,52940.0,4.4,11229,41% off
Lenovo IdeaPad 3 Celeron Dual Core 4th Gen - (4 GB/256 GB SSD/Windows 11 Home) 14IGL05 Thin and Light ...,28990.0,4.0,295,28% off
Infinix INBook X1 Core i3 10th Gen - (8 GB/256 GB SSD/Windows 11 Home) XL11 Thin and Light Laptop,32990.0,4.2,1406,34% off
ASUS VivoBook 15 (2022) Core i3 10th Gen - (8 GB/512 GB SSD/Windows 11 Home) X515JA-EJ362WS Thin and L...,37990.0,4.3,1105,25% off
HP Pavilion Ryzen 5 Hexa Core 5600H - (8 GB/512 GB SSD/Windows 10/4 GB Graphics/NVIDIA GeForce GTX 165...,59940.0,4.5,4912,14% off
HP Ryzen 3 Dual Core 3250U - (8 GB/256 GB SSD/Windows 10 Home) 15s-GY0501AU Thin and Light Laptop,37990.0,4.3,2272,17% off
acer Aspire 3 Ryzen 3 Dual Core 3250U - (8 GB/512 GB SSD/Windows 11 Home) A315-23 Laptop,35990.0,4.5,21,20% off
DELL Inspiron Ryzen 3 Dual Core 3250U - (8 GB/256 GB SSD/Windows 11 Home) Inspiron 3515 Thin and Light...,39490.0,4.3,40,20% off
Lenovo IdeaPad 3 Core i3 10th Gen - (8 GB/1 TB HDD/Windows 10 Home) 15IML05 Thin and Light Laptop,34990.0,4.0,2203,38% off
HP Ryzen 3 Quad Core 5300U - (8 GB/512 GB SSD/Windows 11 Home) 14s-fq1089au Thin and Light Laptop,44690.0,4.5,188,11% off
HP Core i3 11th Gen - (8 GB/256 GB SSD/Windows 11 Home) 14s- dy2506TU Thin and Light Laptop,39990.0,4.3,343,20% off
ASUS Core i3 11th Gen - (8 GB/256 GB SSD/Windows 11 Home) X515EA-EJ312WS Thin and Light Laptop,37990.0,4.4,309,28% off
Lenovo IdeaPad 3 Core i5 10th Gen - (8 GB/512 GB SSD/Windows 10 Home) 15IML05 Thin and Light Laptop,47990.0,4.2,138,25% off
ASUS VivoBook 15 (2021) Core i3 11th Gen - (8 GB/1 TB HDD/256 GB SSD/Windows 11 Home) X515EA-EJ332WS T...,39990.0,0.0,0,38% off
Lenovo IdeaPad 3 Ryzen 5 Hexa Core 5500U - (8 GB/512 GB SSD/Windows 11 Home) 15ALC6 Thin and Light Lap...,48490.0,4.3,246,29% off
Lenovo Ideapad Slim 5i Core i5 11th Gen - (16 GB/512 GB SSD/Windows 10 Home) 15 ITL 05 Thin and Light ...,61990.0,4.4,855,38% off
DELL Inspiron Core i7 11th Gen - (16 GB/1 TB SSD/Windows 11 Home/2 GB Graphics) INSPIRON 5518 Thin and...,122410.0,0.0,0,0% off
Lenovo IdeaPad 3 Core i3 11th Gen - (8 GB/256 GB SSD/Windows 11 Home) IdeaPad 3 15ITL6 Ub Thin and Lig...,39990.0,4.3,587,35% off
HP Pavilion Ryzen 5 Hexa Core 5600H - (8 GB/512 GB SSD/Windows 10/4 GB Graphics/NVIDIA GeForce GTX 165...,59940.0,4.5,4912,14% off
MSI GF63 Thin Core i5 10th Gen - (8 GB/512 GB SSD/Windows 10 Home/4 GB Graphics/NVIDIA GeForce RTX 305...,59940.0,4.5,1656,28% off
DELL Vostro Core i3 11th Gen - (8 GB/256 GB SSD/Windows 11 Home) Vostro 3400 Thin and Light Laptop,40990.0,3.8,13,24% off
APPLE 2020 Macbook Air M1 - (8 GB/256 GB SSD/Mac OS Big Sur) MGN63HN/A,84990.0,4.7,6812,8% off
HP Pavilion Gaming Ryzen 7 Octa Core 4800H - (16 GB/1 TB HDD/256 GB SSD/Windows 10 Home/4 GB Graphics/...,73940.0,4.5,1107,20% off
DELL Vostro Ryzen 3 Dual Core R3-3250U - (8 GB/1 TB HDD/Windows 11 Home) Vostro 3405 Thin and Light La...,35990.0,4.2,69,28% off
DELL Vostro Ryzen 5 Hexa Core 5500U - (8 GB/512 GB SSD/Windows 10) Vostro 5415 Thin and Light Laptop,58990.0,4.6,75,3% off
HP 15s Ryzen 3 Dual Core 3250U - (8 GB/1 TB HDD/256 GB SSD/Windows 10 Home) 15s-GR0012AU Laptop,41490.0,4.3,3559,14% off
ASUS VivoBook K15 OLED (2022) Ryzen 5 Hexa Core 5500U - (8 GB/1 TB HDD/256 GB SSD/Windows 11 Home) KM5...,57990.0,4.5,26,26% off
APPLE 2020 Macbook Air M1 - (8 GB/512 GB SSD/Mac OS Big Sur) MGN73HN/A,99990.0,4.7,841,15% off
DELL Vostro Core i3 10th Gen - (8 GB/256 GB SSD/Windows 10 Home) Vostro 3401 Thin and Light Laptop,38990.0,4.3,1279,9% off
ASUS VivoBook 14 Pentium Silver - (4 GB/256 GB SSD/Windows 11 Home) X415KA-EK111WS Thin and Light Lapt...,30999.0,3.9,56,20% off
ASUS VivoBook 15 (2022) Core i3 10th Gen - (4 GB/512 GB SSD/Windows 11 Home) X515JA-EJ372WS Thin and L...,34990.0,4.4,152,30% off
Lenovo IdeaPad Core i5 10th Gen - (8 GB/512 GB SSD/Windows 11 Home) 15IML05 Thin and Light Laptop,48490.0,0.0,0,39% off
acer Aspire 5 Core i5 11th Gen - (8 GB/1 TB HDD/256 GB SSD/Windows 11 Home) A515-56-56LN Thin and Ligh...,53490.0,4.6,33,23% off
HP Core i3 11th Gen - (8 GB/512 GB SSD/Windows 11 Home) 15s-dy3501TU Thin and Light Laptop,41980.0,4.3,759,15% off
acer Aspire 7 Ryzen 5 Hexa Core 5500U - (8 GB/512 GB SSD/Windows 10 Home/4 GB Graphics/NVIDIA GeForce ...,54940.0,4.5,3249,38% off
HP Ryzen 5 Hexa Core 5500U - (8 GB/512 GB SSD/Windows 11 Home) 14s-fq1092au Thin and Light Laptop,48390.0,4.4,219,15% off
HP Ryzen 5 Hexa Core 5500U - (8 GB/512 GB SSD/Windows 11 Home) 15s- eq2144au Thin and Light Laptop,48990.0,4.4,74,19% off
ASUS VivoBook 15 (2022) Core i3 11th Gen - (4 GB/256 GB SSD/Windows 10 Home) X515EA-EJ302TS Thin and L...,35990.0,4.3,1528,28% off
ASUS VivoBook K15 OLED (2022) Ryzen 5 Hexa Core 5500U - (8 GB/1 TB HDD/256 GB SSD/Windows 11 Home) KM5...,57990.0,4.4,555,26% off
ASUS VivoBook 14 Core i3 10th Gen - (8 GB/256 GB SSD/Windows 10 Home) X415FA-BV341T Thin and Light Lap...,33980.0,4.4,72,27% off
ASUS VivoBook K15 OLED (2022) Core i3 11th Gen - (8 GB/512 GB SSD/Windows 11 Home) K513EA-L312WS Thin ...,48990.0,4.5,198,22% off
Lenovo IdeaPad 3 Core i3 11th Gen - (8 GB/256 GB SSD/Windows 11 Home) 14ITL05 Thin and Light Laptop,38990.0,4.3,40,35% off
HP Pavilion Ryzen 5 Hexa Core 5600H - (8 GB/512 GB SSD/Windows 10/4 GB Graphics/NVIDIA GeForce GTX 165...,59940.0,4.5,4912,14% off
MSI Modern 14 Ryzen 5 Hexa Core 4500U - (8 GB/512 GB SSD/Windows 10 Home/AMD Radeon/60 Hz) Modern 14 B...,45990.0,4.6,572,25% off
Lenovo IdeaPad 5 Core i5 11th Gen - (16 GB/512 GB SSD/Windows 11 Home) 14ITL05 Thin and Light Laptop,59990.0,4.3,59,38% off
ASUS VivoBook K15 OLED (2022) Ryzen 5 Hexa Core 5500U - (8 GB/1 TB HDD/256 GB SSD/Windows 11 Home) KM5...,57990.0,4.4,555,26% off
HP Pavilion Gaming Ryzen 7 Octa Core 4800H - (16 GB/1 TB HDD/256 GB SSD/Windows 10 Home/4 GB Graphics/...,73940.0,4.5,1107,20% off
ASUS VivoBook 15 (2022) Core i5 11th Gen - (8 GB/1 TB HDD/256 GB SSD/Windows 10 Home) X515EA-EJ502TS T...,50990.0,4.3,1239,28% off
DELL Inspiron Core i3 11th Gen - (8 GB/1 TB HDD/Windows 10) INSPIRON 3501 Thin and Light Laptop,44999.0,4.0,282,8% off
Lenovo Ideapad Slim 3i (2021) Core i5 11th Gen - (8 GB/512 GB SSD/Windows 10 Home) 14 ITL 6 Thin and L...,52990.0,4.2,321,28% off
acer Nitro 5 Ryzen 7 Octa Core 5800H - (16 GB/1 TB HDD/256 GB SSD/Windows 10 Home/6 GB Graphics/NVIDIA...,89940.0,4.4,289,25% off
MSI GF63 Thin Core i7 10th Gen - (8 GB/1 TB HDD/256 GB SSD/Windows 10 Home/4 GB Graphics/NVIDIA GeForc...,62940.0,4.3,838,25% off
realme Book (Slim) Core i3 11th Gen - (8 GB/256 GB SSD/Windows 10 Home) RMNB1001 Thin and Light Laptop,40990.0,4.4,6481,25% off
RedmiBook 15 e-Learning Edition Core i3 11th Gen - (8 GB/256 GB SSD/Windows 10 Home) Thin and Light La...,37990.0,4.3,1080,26% off
HP Core i5 11th Gen - (8 GB/512 GB SSD/Windows 11 Home) 15s-du3517TU Thin and Light Laptop,52925.0,4.1,245,24% off
ASUS VivoBook 15 (2022) Core i5 10th Gen - (8 GB/512 GB SSD/Windows 11 Home) X515JA-EJ562WS Thin and L...,47990.0,4.1,46,23% off
ASUS ASUS TUF Gaming A17 Ryzen 7 Octa Core 4800H - (16 GB/512 GB SSD/Windows 10 Home/4 GB Graphics/NVI...,76940.0,4.7,28,28% off
acer Aspire 3 Core i3 11th Gen - (8 GB/256 GB SSD/Windows 11 Home) A315-58 Thin and Light Laptop,37499.0,0.0,0,29% off
ASUS Vivobook Gaming Core i5 10th Gen - (8 GB/1 TB HDD/256 GB SSD/Windows 10 Home/4 GB Graphics/NVIDIA...,58940.0,4.4,34,28% off
RedmiBook Pro Core i5 11th Gen - (8 GB/512 GB SSD/Windows 10 Home) Thin and Light Laptop,47990.0,4.2,1740,20% off
ASUS Vivobook Gaming Core i7 10th Gen - (8 GB/512 GB SSD/Windows 10 Home/4 GB Graphics/NVIDIA GeForce ...,62940.0,4.4,18,29% off
ASUS Pentium Quad Core - (4 GB/1 TB HDD/Windows 10 Home) X543MA-DM101T Laptop,27990.0,0.0,0,17% off
APPLE MacBook Air M1 - (16 GB/256 GB SSD/Mac OS Big Sur) Z124J001KD,102990.0,4.7,56,8% off
ASUS ASUS TUF Gaming F17 Core i5 11th Gen - (8 GB/512 GB SSD/Windows 10 Home/4 GB Graphics/NVIDIA GeFo...,72940.0,4.5,77,31% off
RedmiBook 15 e-Learning Edition Core i3 11th Gen - (8 GB/512 GB SSD/Windows 10 Home) Thin and Light La...,40990.0,4.3,1080,26% off
ASUS VivoBook K15 OLED (2022) Core i3 11th Gen - (8 GB/256 GB SSD/Windows 11 Home) K513EA-L302WS Thin ...,45990.0,4.5,838,22% off
HP Pavilion Ryzen 5 Hexa Core 5600H - (8 GB/512 GB SSD/Windows 10/4 GB Graphics/NVIDIA GeForce GTX 165...,59940.0,4.5,4912,14% off
ASUS VivoBook Ultra 14 (2022) Core i5 11th Gen - (16 GB/512 GB SSD/Windows 11 Home) X413EA-EB532WS Thi...,58990.0,4.6,14,27% off
MSI Core i3 11th Gen - (8 GB/512 GB SSD/Windows 10 Home) Modern 14 B11MOU-862IN Thin and Light Laptop,39990.0,4.4,19,28% off
DELL Inspiron Ryzen 3 Dual Core 3250U - (8 GB/256 GB SSD/Windows 11 Home) INSPIRON 3515 Thin and Light...,36990.0,4.3,166,22% off
DELL Vostro Ryzen 5 Quad Core R5-3450U - (8 GB/256 GB SSD/Windows 11 Home) Vostro 3405 Thin and Light ...,42990.0,4.2,9,26% off
ASUS ROG Strix G15 (2021) Ryzen 7 Octa Core 4800H - (8 GB/512 GB SSD/Windows 10 Home/4 GB Graphics/NVI...,72940.0,4.5,147,19% off
ASUS VivoBook Ultra 14 (2022) Core i3 11th Gen - (8 GB/512 GB SSD/Windows 11 Home) X413EA-EB321WS Thin...,42990.0,4.4,2047,25% off
ASUS TUF Gaming F15 Core i5 10th Gen - (8 GB/512 GB SSD/Windows 10 Home/4 GB Graphics/NVIDIA GeForce G...,62940.0,4.5,3804,23% off
DELL Inspiron Core i5 11th Gen - (8 GB/1 TB HDD/256 GB SSD/Windows 10/2 GB Graphics) Inspiron 3511 Thi...,61990.0,3.9,164,28% off
ASUS VivoBook 15 (2021) Core i5 11th Gen - (8 GB/1 TB HDD/256 GB SSD/Windows 11 Home) X515EA-EJ502WS T...,52990.0,4.8,4,27% off
ASUS VivoBook 14 (2022) Core i5 11th Gen - (8 GB/1 TB HDD/256 GB SSD/Windows 11 Home) X415EA-EB572WS T...,49990.0,3.8,38,31% off
acer Nitro 5 Ryzen 7 Octa Core 5800H - (16 GB/1 TB HDD/256 GB SSD/Windows 10 Home/4 GB Graphics/NVIDIA...,82940.0,4.5,151,30% off
Lenovo IdeaPad 3 Core i5 11th Gen - (8 GB/512 GB SSD/Windows 10 Home) 15ITL6 Thin and Light Laptop,52490.0,4.2,86,41% off
Lenovo Ideapad Flex 5 Core i3 11th Gen - (8 GB/256 GB SSD/Windows 11 Home) Ideapad Flex 5 14LT05 UA 2 ...,51990.0,4.4,299,31% off
APPLE MacBook Air M1 - (16 GB/256 GB SSD/Mac OS Big Sur) Z124J005KD,102990.0,4.7,56,8% off
Lenovo IdeaPad 3 Core i3 10th Gen - (8 GB/256 GB SSD/Windows 11 Home) 14IML05 Thin and Light Laptop,36990.0,4.2,293,36% off
acer Aspire 3 Ryzen 5 Quad Core 3500U - (8 GB/512 GB SSD/Windows 11 Home) A315-23 Laptop,42990.0,0.0,0,18% off
HP 14a Celeron Dual Core - (4 GB/64 GB EMMC Storage/Chrome OS) 14a- na0002TU Chromebook,26990.0,3.6,235,14% off
ASUS VivoBook K15 OLED (2022) Core i3 11th Gen - (8 GB/256 GB SSD/Windows 10 Home) K513EA-L302TS Thin ...,45990.0,4.5,838,22% off
APPLE 2020 Macbook Air M1 - (8 GB/512 GB SSD/Mac OS Big Sur) MGNA3HN/A,101990.0,4.7,841,13% off
ASUS VivoBook K15 OLED Ryzen 7 Octa Core 5700U - (16 GB/512 GB SSD/Windows 11 Home) KM513UA-L713WS Thi...,63990.0,0.0,0,26% off
APPLE 2020 Macbook Air M1 - (8 GB/512 GB SSD/Mac OS Big Sur) MGNA3HN/A,101990.0,4.7,841,13% off
Infinix INBook X1 Core i5 10th Gen - (8 GB/512 GB SSD/Windows 11 Home) XL11 Thin and Light Laptop,42490.0,4.1,426,29% off
HP Core i3 11th Gen - (8 GB/512 GB SSD/Windows 10 Home) 14s-dq2606tu Thin and Light Laptop,42990.0,0.0,0,18% off
HP Pavilion Ryzen 5 Hexa Core 5600H - (8 GB/512 GB SSD/Windows 10/4 GB Graphics/NVIDIA GeForce GTX 165...,59940.0,4.5,4912,14% off
MSI Core i5 11th Gen - (8 GB/512 GB SSD/Windows 10 Home) Modern 14 B11MOU-861IN Thin and Light Laptop,49990.0,4.0,10,25% off
HP Core i3 11th Gen - (8 GB/512 GB SSD/Windows 11 Home) 15s-FR2508TU Laptop,43590.0,4.2,48,21% off
ASUS TUF Gaming F15 (2021) Core i5 11th Gen - (16 GB/512 GB SSD/Windows 10 Home/6 GB Graphics/NVIDIA G...,85940.0,4.7,137,33% off
HP Ryzen 3 Quad Core 5300U - (8 GB/512 GB SSD/Windows 11 Home) 15s-eq2143au Thin and Light Laptop,41690.0,4.2,174,19% off
ASUS VivoBook Core i3 11th Gen - (8 GB/256 GB SSD/Windows 11 Home) X415EA-EK342WS Thin and Light Lapto...,35990.0,4.2,30,32% off
Lenovo Ideapad Gaming 3 Ryzen 5 Hexa Core 5600H - (8 GB/512 GB SSD/Windows 11 Home/4 GB Graphics/NVIDI...,59940.0,4.5,101,33% off
ASUS Core i3 10th Gen - (8 GB/1 TB HDD/Windows 10 Home) X409FA-EB616T Thin and Light Laptop,33990.0,3.5,13,26% off
acer Aspire 5 Core i5 11th Gen - (8 GB/512 GB SSD/Windows 11 Home) A515-56-51EV Thin and Light Laptop,51990.0,4.2,162,31% off
acer Travelmate Core i3 11th Gen - (8 GB/1 TB HDD/256 GB SSD/Windows 10 Home) TravelMate P214-53 Noteb...,39990.0,4.1,40,33% off
Infinix X1 Series Core i7 10th Gen - (16 GB/512 GB SSD/Windows 11 Home/128 MB Graphics) XL12 Thin and ...,51990.0,4.4,67,25% off
HP Pavilion Core i5 11th Gen - (16 GB/512 GB SSD/Windows 11 Home) 14-dv1001TU Thin and Light Laptop,65999.0,4.5,125,16% off
APPLE MacBook Air M1 - (8 GB/512 GB SSD/Mac OS Big Sur) Z12A000D3,102990.0,4.7,6812,7% off
MSI Modern 14 Core i5 10th Gen - (8 GB/512 GB SSD/Windows 10 Home) Modern 14 B10MW-639IN Notebook,57490.0,4.4,692,7% off
ASUS Vivobook 14 Core i3 10th Gen - (8 GB/1 TB HDD/Windows 10 Home) X415FA-BV311T Laptop,32990.0,3.9,37,29% off
Lenovo Legion 5 Ryzen 5 Hexa Core 5600H - (8 GB/512 GB SSD/Windows 10 Home/4 GB Graphics/NVIDIA GeForc...,79302.0,4.4,11,26% off
HP Pavilion Gaming Ryzen 7 Octa Core 4800H - (16 GB/1 TB HDD/256 GB SSD/Windows 10 Home/4 GB Graphics/...,73940.0,4.5,1107,20% off
MSI Core i3 10th Gen - (8 GB/256 GB SSD/Windows 10 Home) Modern 14 B10MW-658IN Thin and Light Laptop,34990.0,4.5,56,35% off
DELL Vostro Core i3 10th Gen - (8 GB/1 TB HDD/256 GB SSD/Windows 11 Home) X9K0T Thin and Light Laptop,39990.0,4.5,33,27% off
DELL Inspiron Core i3 11th Gen - (8 GB/1 TB HDD/256 GB SSD/Windows 11 Home) Inspiron 3511 Thin and Lig...,44490.0,4.3,237,26% off
MSI Core i3 10th Gen - (8 GB/512 GB SSD/Windows 10 Home) Modern 14 B10MW-657IN Thin and Light Laptop,37990.0,4.4,129,32% off
MSI Katana GF66 Core i5 11th Gen - (16 GB/512 GB SSD/Windows 10 Home/4 GB Graphics/NVIDIA GeForce RTX ...,74490.0,4.5,82,30% off
HP Pavilion Gaming Ryzen 7 Octa Core 4800H - (16 GB/1 TB HDD/256 GB SSD/Windows 10 Home/4 GB Graphics/...,73940.0,4.5,1107,20% off
HP Core i3 10th Gen - (8 GB/512 GB SSD/Windows 10 Home) 15s-DU1516TU Thin and Light Laptop,41990.0,4.3,1318,16% off
HP Pavilion Ryzen 5 Hexa Core 5600H - (8 GB/512 GB SSD/Windows 10/4 GB Graphics/NVIDIA GeForce GTX 165...,59940.0,4.5,4912,14% off
ASUS ROG Strix G15 (2021) Ryzen 7 Octa Core 4800H - (8 GB/512 GB SSD/Windows 10 Home/4 GB Graphics/NVI...,73940.0,4.5,1825,18% off
ASUS Ryzen 3 Dual Core 3250U 3rd Gen - (8 GB/256 GB SSD/Windows 10 Home) M515DA-BQ322TS Thin and Light...,34990.0,4.3,2955,25% off
Lenovo IdeaPad 3 Core i3 10th Gen - (4 GB/256 GB SSD/Windows 10 Home) 14IIL05 Thin and Light Laptop,34990.0,4.2,184,30% off
HP Ryzen 3 Dual Core - (8 GB/1 TB HDD/Windows 11 Home) 255 G8 Laptop,35250.0,0.0,0,10% off
ASUS TUF Gaming F17 (2021) Core i5 11th Gen - (8 GB/1 TB SSD/Windows 10 Home/4 GB Graphics/NVIDIA GeFo...,75940.0,4.4,203,34% off
ASUS VivoBook 15 (2021) Core i3 11th Gen - (8 GB/1 TB HDD/Windows 11 Home) X515EA-BR391W Thin and Ligh...,35999.0,0.0,0,35% off
APPLE 2020 Macbook Pro M1 - (8 GB/256 GB SSD/Mac OS Big Sur) MYDA2HN/A,112990.0,4.8,649,8% off
ASUS VivoBook K15 OLED (2022) Ryzen 5 Hexa Core 5500U - (8 GB/1 TB HDD/256 GB SSD/Windows 10 Home) KM5...,57990.0,4.4,555,26% off
Lenovo Core i5 11th Gen - (8 GB/512 GB SSD/Windows 11 Home) 15ITL05 Thin and Light Laptop,51990.0,3.8,4,38% off
MSI Pulse GL66 Core i7 11th Gen - (16 GB/1 TB SSD/Windows 10 Home/6 GB Graphics/NVIDIA GeForce RTX 306...,109940.0,4.6,79,21% off
HP Pavilion x360 Core i3 11th Gen - (8 GB/512 GB SSD/Windows 11 Home) 14-dy0186TU 2 in 1 Laptop,55190.0,4.4,39,20% off
APPLE 2020 Macbook Air M1 - (8 GB/256 GB SSD/Mac OS Big Sur) MGND3HN/A,87990.0,4.7,6812,5% off
APPLE 2020 Macbook Air M1 - (8 GB/256 GB SSD/Mac OS Big Sur) MGN93HN/A,87990.0,4.7,6812,5% off
acer Swift 3 Ryzen 5 Hexa Core 5500U - (8 GB/512 GB SSD/Windows 10 Home) SF314-43 Thin and Light Lapto...,52390.0,4.8,8,41% off
ASUS Vivobook Pro 14 OLED (2021) Core i5 11th Gen - (16 GB/512 GB SSD/Windows 10 Home/4 GB Graphics) K...,70440.0,4.5,231,36% off
ASUS ASUS TUF Gaming Core i5 11th Gen - (8 GB/1 TB SSD/Windows 10 Home/4 GB Graphics/NVIDIA GeForce RT...,75940.0,4.5,388,35% off
Lenovo Ideapad Slim 3i (2021) Core i5 11th Gen - (8 GB/256 GB SSD/Windows 10 Home) 15ITL6/ 15ITL6 Ub T...,49490.0,4.3,375,34% off
ASUS ASUS TUF Gaming Core i5 11th Gen - (8 GB/512 GB SSD/Windows 10 Home/4 GB Graphics/NVIDIA GeForce ...,71940.0,4.4,111,37% off
HP Celeron Dual Core - (8 GB/256 GB SSD/Windows 11 Home) 14s- dq3032tu Thin and Light Laptop,33990.0,4.0,64,5% off
ASUS ROG Strix G15 Ryzen 7 Octa Core 6800H - (16 GB/512 GB SSD/Windows 11 Home/4 GB Graphics/NVIDIA Ge...,106940.0,0.0,0,19% off
MSI Bravo Ryzen 5 Hexa Core 5600H - (8 GB/512 GB SSD/Windows 10 Home/4 GB Graphics/AMD Radeon RX5500M/...,60940.0,4.5,488,27% off
HP Pavilion Core i5 11th Gen - (8 GB/512 GB SSD/Windows 11 Home) 14-dv1000TU Thin and Light Laptop,60490.0,4.1,76,19% off
HP Notebook PC Core i3 11th Gen - (8 GB/1 TB HDD/Windows 10) G8 240 Thin and Light Laptop,39990.0,4.0,43,7% off
HP Pavilion Ryzen 5 Hexa Core 5600H - (8 GB/512 GB SSD/Windows 10/4 GB Graphics/NVIDIA GeForce GTX 165...,59940.0,4.5,4912,14% off
ASUS ROG Strix G15 Ryzen 9 Octa Core 5900HX - (16 GB/1 TB SSD/Windows 10 Home/6 GB Graphics/NVIDIA GeF...,132940.0,4.8,4,27% off
DELL Inspiron Core i5 11th Gen - (16 GB/512 GB SSD/Windows 10) Inspiron 5418 Thin and Light Laptop,68990.0,4.2,46,23% off
MSI Modern 14 Core i5 11th Gen - (8 GB/512 GB SSD/Windows 10 Home) Modern 14 B11MOU-637IN Thin and Lig...,49990.0,4.3,139,26% off
HP Pavilion Gaming Ryzen 7 Octa Core 4800H - (16 GB/1 TB HDD/256 GB SSD/Windows 10 Home/4 GB Graphics/...,73940.0,4.5,1107,20% off
ASUS ASUS TUF Gaming Ryzen 7 Octa Core 4800H - (16 GB/512 GB SSD/Windows 10 Home/4 GB Graphics/NVIDIA ...,80940.0,4.5,1085,25% off
APPLE 2020 Macbook Pro M1 - (8 GB/256 GB SSD/Mac OS Big Sur) MYD82HN/A,112990.0,4.8,649,8% off
Nokia PureBook S14 Core i5 10th Gen - (8 GB/512 GB SSD/Windows 10 Home) NKi510TL85S Thin and Light Lap...,46490.0,4.7,6,38% off
ASUS Vivobook 14 Core i3 11th Gen - (8 GB/1 TB HDD/256 GB SSD/Windows 11 Home) X415EA-EB372WS Thin and...,41890.0,4.3,63,27% off
ASUS EeeBook 12 Celeron Dual Core - (4 GB/64 GB EMMC Storage/Windows 11 Home) E210MA-GJ011W Thin and L...,22499.0,3.7,3,19% off
DELL Ryzen 3 Dual Core 3250U - (8 GB/256 GB SSD/Windows 10) Inspiron 3515 Thin and Light Laptop,38990.0,4.6,8,27% off
DELL Vostro Core i3 10th Gen - (4 GB/256 GB SSD/Windows 10 Home) Vostro 3401 Thin and Light Laptop,37490.0,4.3,1185,7% off
ASUS VivoBook Ultra 14 (2021) Core i5 11th Gen - (16 GB/512 GB SSD/Windows 11 Home) X413EA-EB533WS Thi...,58990.0,4.6,14,27% off
realme Book(Slim) Intel Evo Core i5 11th Gen - (8 GB/512 GB SSD/Windows 10 Home) RMNB1002 Thin and Lig...,53990.0,4.4,3548,22% off
HP Core i3 11th Gen - (8 GB/750 GB HDD/256 GB SSD/Windows 11 Home) 15s-fq2626TU Thin and Light Laptop,41190.0,0.0,0,15% off
Lenovo IdeaPad 1 Celeron Dual Core - (4 GB/256 GB SSD/Windows 11 Home) 11IGL05 Thin and Light Laptop,28990.0,0.0,0,23% off
ASUS Core i3 11th Gen - (4 GB/256 GB SSD/Windows 11 Home) X415EA-EK302WS Thin and Light Laptop,34910.0,4.0,48,30% off
Lenovo Ideapad Slim 5i Core i5 11th Gen - (8 GB/1 TB HDD/256 GB SSD/Windows 10 Home/2 GB Graphics) ide...,60990.0,4.3,58,34% off
HP Pavilion x360 Core i3 11th Gen - (8 GB/256 GB SSD/Windows 11 Home) 14-dy0190TU 2 in 1 Laptop,52190.0,4.6,17,17% off
ASUS TUF Gaming F15 Core i5 10th Gen - (8 GB/512 GB SSD/Windows 11 Home/4 GB Graphics/NVIDIA GeForce G...,59940.0,4.5,3804,23% off
ASUS Vivobook Ultra K14 Core i3 11th Gen - (8 GB/512 GB SSD/Windows 11 Home) K14 Thin and Light Laptop,45990.0,0.0,0,22% off
ASUS Vivobook Ultra K14 Core i3 11th Gen - (8 GB/512 GB SSD/Windows 11 Home) K14 Thin and Light Laptop,45990.0,0.0,0,22% off
MSI Katana GF66 Core i7 11th Gen - (16 GB/1 TB SSD/Windows 10 Home/4 GB Graphics/NVIDIA GeForce RTX 30...,86940.0,4.5,228,26% off
DELL Ryzen 5 Hexa Core 5600H - (16 GB/512 GB SSD/Windows 11 Home/4 GB Graphics/NVIDIA GeForce RTX 3050...,74940.0,0.0,0,26% off
HP Pavilion Ryzen 5 Hexa Core 5600H - (8 GB/512 GB SSD/Windows 10/4 GB Graphics/NVIDIA GeForce GTX 165...,59940.0,4.5,4912,14% off
Lenovo Ideapad Gaming 3 Ryzen 5 Hexa Core 4600H - (8 GB/1 TB HDD/256 GB SSD/Windows 10 Home/4 GB Graph...,62440.0,4.5,863,26% off
DELL Inspiron Ryzen 5 Quad Core 3450U - (8 GB/1 TB HDD/256 GB SSD/Windows 11 Home) Inspiron 3515 Thin ...,48990.0,4.0,34,26% off
ASUS VivoBook Flip 14 Core i5 11th Gen - (8 GB/512 GB SSD/Windows 11 Home) TP470EA-EC511WS 2 in 1 Lapt...,63990.0,4.3,12,22% off
ASUS ROG Zephyrus G14 Ryzen 7 Octa Core 4800HS - (8 GB/1 TB SSD/Windows 10 Home/4 GB Graphics/NVIDIA G...,73990.0,4.6,211,40% off
DELL Inspiron Core i3 10th Gen - (8 GB/1 TB HDD/256 GB SSD/Windows 11 Home) Inspiron 3511 Thin and Lig...,44690.0,4.3,9,25% off
ASUS ASUS TUF Gaming Core i5 10th Gen - (16 GB/512 GB SSD/Windows 10 Home/4 GB Graphics/NVIDIA GeForce...,68940.0,4.5,804,23% off
Infinix X1 Series Core i7 10th Gen - (16 GB/512 GB SSD/Windows 11 Home/128 MB Graphics) XL12 Thin and ...,51990.0,4.4,67,25% off
Lenovo IdeaPad 3 Core i3 11th Gen - (8 GB/512 GB SSD/Windows 11 Home) 14ITL6 Thin and Light Laptop,42990.0,0.0,0,28% off
Lenovo Ideapad Slim 5 Ryzen 7 Octa Core 5700U - (16 GB/512 GB SSD/Windows 10 Home) 15ALC05 A|| 15ALC05...,67990.0,4.3,220,27% off
ASUS Vivobook Gaming Core i7 10th Gen - (16 GB/512 GB SSD/Windows 10 Home/4 GB Graphics/NVIDIA GeForce...,64940.0,3.9,13,31% off
realme Book(Slim) Intel Evo Core i5 11th Gen - (8 GB/512 GB SSD/Windows 10 Home) RMNB1002 Thin and Lig...,55990.0,4.4,3548,20% off
HP Pavilion Ryzen 5 Hexa Core 5500U - (16 GB/512 GB SSD/Windows 10 Home/2 GB Graphics) 14-ec0000AX Thi...,63990.0,4.2,95,14% off
DELL Inspiron Pentium Quad Core - (4 GB/256 GB SSD/Windows 11 Home) Inspiron 3000 Thin and Light Lapto...,36000.0,4.3,107,16% off
MSI Alpha 15 Ryzen 7 Octa Core 5800H - (16 GB/1 TB SSD/Windows 10 Home/8 GB Graphics/AMD Radeon RX6600...,99940.0,4.7,111,31% off
ASUS VivoBook Flip 14 Core i3 11th Gen - (8 GB/512 GB SSD/Windows 11 Home) TP470EA-EC311WS 2 in 1 Lapt...,51990.0,4.7,9,23% off
ASUS VivoBook K15 OLED Ryzen 7 Octa Core 5700U - (16 GB/512 GB SSD/Windows 11 Home) KM513UA-L711WS Thi...,63990.0,0.0,0,26% off
HP Pavilion x360 Core i5 11th Gen - (16 GB/512 GB SSD/Windows 11 Home) 14-dy1010TU Thin and Light Lapt...,77990.0,4.1,14,9% off
acer Predator Helios 300 Core i7 11th Gen - (16 GB/1 TB HDD/512 GB SSD/Windows 10 Home/6 GB Graphics/N...,114940.0,4.5,345,18% off
DELL Inspiron Ryzen 5 Quad Core 3450U - (8 GB/512 GB SSD/Windows 11 Home) Inspiron 3515 Thin and Light...,48490.0,4.4,51,26% off
ASUS VivoBook 15 (2021) Core i5 10th Gen - (8 GB/1 TB HDD/Windows 11 Home) X515JA-BQ501W Thin and Ligh...,44490.0,0.0,0,34% off
DELL Core i5 11th Gen - (16 GB/512 GB SSD/Windows 10) Inspiron 5418 Thin and Light Laptop,66490.0,3.8,5,25% off
DELL Inspiron Core i3 11th Gen - (8 GB/256 GB SSD/Windows 11 Home) INSPIRON 5410 2 in 1 Laptop,49990.0,4.3,33,27% off
DELL Inspiron Ryzen 5 Quad Core 3450U - (8 GB/256 GB SSD/Windows 11 Home) Inspiron 3515 Thin and Light...,43990.0,4.2,16,24% off
HP Pavilion Ryzen 5 Hexa Core 5600H - (8 GB/512 GB SSD/Windows 10/4 GB Graphics/NVIDIA GeForce GTX 165...,59940.0,4.5,4912,14% off
ASUS Zenbook 14 Flip Ryzen 5 Hexa Core 5600H - (16 GB/512 GB SSD/Windows 11 Home) UN5401QA-KN511WS Thi...,91990.0,0.0,0,21% off
ASUS ROG Strix G15 (2021) Advantage Edition Ryzen 9 Octa Core 5900HX - (16 GB/1 TB SSD/Windows 10 Home...,149940.0,4.6,197,27% off
HP Core i3 11th Gen - (8 GB/512 GB SSD/Windows 11 Home) 15s-du3564TU Thin and Light Laptop,43450.0,4.3,584,13% off
HP Pavilion Gaming Ryzen 7 Octa Core 4800H - (16 GB/1 TB HDD/256 GB SSD/Windows 10 Home/4 GB Graphics/...,73940.0,4.5,1107,20% off
ASUS Core i3 10th Gen - (4 GB + 32 GB Optane/512 GB SSD/Windows 10 Home) X515JA-EJ372TS Thin and Light...,39990.0,4.3,2575,20% off
MSI GF63 Thin Core i7 10th Gen - (16 GB/512 GB SSD/Windows 10 Home/4 GB Graphics/NVIDIA GeForce RTX 30...,79940.0,4.5,489,16% off
ASUS VivoBook Flip 14 Core i3 11th Gen - (8 GB/256 GB SSD/Windows 11 Home) TP470EA-EC301WS 2 in 1 Lapt...,49990.0,4.8,9,21% off
HP Pavilion Aero Laptop Ryzen 5 Hexa Core 5600U - (16 GB/512 GB SSD/Windows 11 Home) 13-BE0206AU Thin ...,65980.0,0.0,0,22% off
DELL Vostro Core i3 11th Gen - (8 GB/256 GB SSD/Windows 10) Vostro 3400 Thin and Light Laptop,40490.0,4.3,1772,26% off
ASUS Ryzen 3 Dual Core 3250U - (4 GB/256 GB SSD/Windows 10 Home) M515DA-EJ312TSM515D Thin and Light La...,33980.0,4.2,178,10% off
DELL Vostro Core i3 11th Gen - (4 GB/1 TB HDD/256 GB SSD/Windows 10) Vostro 3400 Thin and Light Laptop,42990.0,4.1,63,0% off
ASUS Vivobook 17 Core i5 11th Gen - (16 GB/512 GB SSD/Windows 11 Home) X712EA-AU521WS Laptop,58990.0,0.0,0,31% off
Infinix INBook X1 Core i3 10th Gen - (8 GB/256 GB SSD/Windows 11 Home) XL11 Thin and Light Laptop,32990.0,4.2,1406,34% off
acer Aspire 5 Core i5 11th Gen - (8 GB/1 TB HDD/Windows 11 Home) A515-56 Notebook,51899.0,0.0,0,21% off
Lenovo IdeaPad Ryzen 5 Hexa Core 5500U - (8 GB/512 GB SSD/Windows 10 Home) IdeaPad 5 15ALC05 Thin and ...,49990.0,4.2,41,36% off
HP Pavilion Core i5 11th Gen - (16 GB/512 GB SSD/Windows 11 Home) 14-dv1002TU Thin and Light Laptop,65999.0,4.4,17,16% off
ASUS VivoBook K15 OLED Ryzen 5 Hexa Core 5500U - (16 GB/512 GB SSD/Windows 11 Home) KM513UA-L513WS Thi...,58990.0,4.9,30,27% off
DELL Inspiron Core i3 10th Gen - (8 GB/256 GB SSD/Windows 11 Home) Inspiron 3511 Thin and Light Laptop,42490.0,0.0,0,22% off
APPLE 2020 Macbook Pro M1 - (8 GB/512 GB SSD/Mac OS Big Sur) MYDC2HN/A,131990.0,4.6,406,7% off
ASUS VivoBook 15 (2021) Core i3 10th Gen - (8 GB/512 GB SSD/Windows 11 Home) X515JA-BQ322WS Thin and L...,38990.0,0.0,0,35% off
